S.No.,Name,Time
1,Osama,3.759535789489746
2,Osama,3.9318509101867676
3,Osama,4.0103795528411865
4,Osama,4.104540586471558
5,Osama,4.151416063308716
6,Osama,4.308534622192383
7,Osama,4.450296401977539
8,Osama,4.484055280685425
